date,classification,net_score,bull_score,bear_score,n_bull_patterns,n_bear_patterns,paksha,tithi_num,tithi_quality,nak_mo_name,yoga_name,yoga_quality,karana,vara_lord,dig_Ju,dig_Sa,dig_Mo,retro_Me,comb_Mo,gajakesari,sade_sati,mahadasha,active_bull_patterns,active_bear_patterns
2026-06-15,WATCH_BEAR,-0.3786,0.0,0.3786,0,1,SHUKLA,1,Nanda,Mrigashira,Ganda,inauspicious,Kimstughna,Mo,exalted,neutral,friendly,0,1,0,1,Su,,dig_Sa=neutral
2026-06-16,WATCH_BEAR,-0.3786,0.0,0.3786,0,1,SHUKLA,2,Bhadra,Punarvasu,Vriddhi,auspicious,Kaulava,Ma,exalted,neutral,friendly,0,0,0,1,Su,,dig_Sa=neutral
2026-06-17,WATCH_BEAR,-0.3786,0.0,0.3786,0,1,SHUKLA,3,Jaya,Pushya,Dhruva,auspicious,Garija,Me,exalted,neutral,own,0,0,1,1,Su,,dig_Sa=neutral
2026-06-18,WATCH_BEAR,-0.3786,0.0,0.3786,0,1,SHUKLA,4,Rikta,Ashlesha,Vyaghata,inauspicious,Vishti,Ju,exalted,neutral,own,0,0,1,1,Su,,dig_Sa=neutral
2026-06-19,WATCH_BEAR,-0.3786,0.0,0.3786,0,1,SHUKLA,6,Nanda,Magha,Vajra,inauspicious,Kaulava,Ve,exalted,neutral,friendly,0,0,0,1,Su,,dig_Sa=neutral
2026-06-22,PRIME_TRADE_BEAR,-0.9319,0.0,0.9319,0,3,SHUKLA,9,Rikta,Hasta,Variyan,auspicious,Balava,Mo,exact_exalt,neutral,friendly,0,0,0,1,Su,,dig_Sa|dig_Ma|sade_sati_phase=neutral||neutral||rising|dig_Ma|sade_sati_phase=neutral||rising|dig_Sa=neutral
2026-06-23,PRIME_TRADE_BEAR,-0.9319,0.0,0.9319,0,3,SHUKLA,10,Purna,Chitra,Parigha,inauspicious,Taitila,Ma,exact_exalt,neutral,friendly,0,0,0,1,Su,,dig_Sa|dig_Ma|sade_sati_phase=neutral||neutral||rising|dig_Ma|sade_sati_phase=neutral||rising|dig_Sa=neutral
2026-06-24,WATCH_BULL,-1.2274,0.0673,1.2947,1,4,SHUKLA,10,Purna,Swati,Shiva,auspicious,Garija,Me,exact_exalt,neutral,neutral,0,0,1,1,Su,dig_Mo|dig_Ve|dig_Me=neutral||enemy||enemy,dig_Sa|dig_Ma|sade_sati_phase=neutral||neutral||rising|dig_Ma|sade_sati_phase=neutral||rising|dig_Sa|dig_Mo=neutral||neutral
2026-06-25,WATCH_BULL,-1.2274,0.0673,1.2947,1,4,SHUKLA,11,Nanda,Vishakha,Siddha,auspicious,Vishti,Ju,exact_exalt,neutral,neutral,0,0,1,1,Su,dig_Mo|dig_Ve|dig_Me=neutral||enemy||enemy,dig_Sa|dig_Ma|sade_sati_phase=neutral||neutral||rising|dig_Ma|sade_sati_phase=neutral||rising|dig_Sa|dig_Mo=neutral||neutral
2026-06-29,WATCH_BULL,-1.2274,0.0673,1.2947,1,4,SHUKLA,15,Purna,Mula,Brahma,auspicious,Bava,Mo,exact_exalt,neutral,neutral,0,0,0,1,Su,dig_Mo|dig_Ve|dig_Me=neutral||enemy||enemy,dig_Sa|dig_Ma|sade_sati_phase=neutral||neutral||rising|dig_Ma|sade_sati_phase=neutral||rising|dig_Sa|dig_Mo=neutral||neutral
2026-06-30,WATCH_BULL,-1.2274,0.0673,1.2947,1,4,KRISHNA,16,Nanda,PurvaAshadha,Indra,auspicious,Balava,Ma,exact_exalt,neutral,neutral,1,0,0,1,Su,dig_Mo|dig_Ve|dig_Me=neutral||enemy||enemy,dig_Sa|dig_Ma|sade_sati_phase=neutral||neutral||rising|dig_Ma|sade_sati_phase=neutral||rising|dig_Sa|dig_Mo=neutral||neutral
2026-07-01,WATCH_BULL,-1.2274,0.0673,1.2947,1,4,KRISHNA,17,Bhadra,UttaraAshadha,Vaidhriti,inauspicious,Taitila,Me,exalted,neutral,neutral,1,0,1,1,Su,dig_Mo|dig_Ve|dig_Me=neutral||enemy||enemy,dig_Sa|dig_Ma|sade_sati_phase=neutral||neutral||rising|dig_Ma|sade_sati_phase=neutral||rising|dig_Sa|dig_Mo=neutral||neutral
2026-07-02,WATCH_BULL,-1.2274,0.0673,1.2947,1,4,KRISHNA,18,Jaya,Shravana,Vishkambha,inauspicious,Vanija,Ju,exalted,neutral,neutral,1,0,1,1,Su,dig_Mo|dig_Ve|dig_Me=neutral||enemy||enemy,dig_Sa|dig_Ma|sade_sati_phase=neutral||neutral||rising|dig_Ma|sade_sati_phase=neutral||rising|dig_Sa|dig_Mo=neutral||neutral
2026-07-03,WATCH_BULL,-1.2274,0.0673,1.2947,1,4,KRISHNA,19,Rikta,Dhanishtha,Priti,auspicious,Bava,Ve,exalted,neutral,neutral,1,0,1,1,Su,dig_Mo|dig_Ve|dig_Me=neutral||enemy||enemy,dig_Sa|dig_Ma|sade_sati_phase=neutral||neutral||rising|dig_Ma|sade_sati_phase=neutral||rising|dig_Sa|dig_Mo=neutral||neutral
2026-07-06,WATCH_BULL,-1.2274,0.0673,1.2947,1,4,KRISHNA,22,Bhadra,UttaraBhadrapada,Shobhana,auspicious,Vishti,Mo,exalted,neutral,neutral,1,0,0,1,Su,dig_Mo|dig_Ve|dig_Me=neutral||enemy||enemy,dig_Sa|dig_Ma|sade_sati_phase=neutral||neutral||rising|dig_Ma|sade_sati_phase=neutral||rising|dig_Sa|dig_Mo=neutral||neutral
2026-07-07,PRIME_TRADE_BEAR,-1.2947,0.0,1.2947,0,4,KRISHNA,23,Jaya,Revati,Atiganda,inauspicious,Balava,Ma,exalted,neutral,neutral,1,0,0,1,Su,,dig_Sa|dig_Ma|sade_sati_phase=neutral||neutral||rising|dig_Ma|sade_sati_phase=neutral||rising|dig_Sa|dig_Mo=neutral||neutral
2026-07-08,PRIME_TRADE_BEAR,-1.2947,0.0,1.2947,0,4,KRISHNA,24,Rikta,Ashwini,Sukarma,auspicious,Taitila,Me,exalted,neutral,neutral,1,0,1,1,Su,,dig_Sa|dig_Ma|sade_sati_phase=neutral||neutral||rising|dig_Ma|sade_sati_phase=neutral||rising|dig_Sa|dig_Mo=neutral||neutral
2026-07-09,PRIME_TRADE_BEAR,-1.2947,0.0,1.2947,0,4,KRISHNA,25,Purna,Bharani,Dhriti,auspicious,Vanija,Ju,exalted,neutral,neutral,1,0,1,1,Su,,dig_Sa|dig_Ma|sade_sati_phase=neutral||neutral||rising|dig_Ma|sade_sati_phase=neutral||rising|dig_Sa|dig_Mo=neutral||neutral
2026-07-10,PRIME_TRADE_BEAR,-1.2947,0.0,1.2947,0,4,KRISHNA,26,Nanda,Krittika,Shoola,inauspicious,Bava,Ve,exalted,neutral,neutral,1,0,1,1,Su,,dig_Sa|dig_Ma|sade_sati_phase=neutral||neutral||rising|dig_Ma|sade_sati_phase=neutral||rising|dig_Sa|dig_Mo=neutral||neutral
2026-07-13,PRIME_TRADE_BEAR,-0.9319,0.0,0.9319,0,3,KRISHNA,29,Rikta,Ardra,Vyaghata,inauspicious,Shakuni,Mo,exalted,neutral,friendly,1,0,0,1,Su,,dig_Sa|dig_Ma|sade_sati_phase=neutral||neutral||rising|dig_Ma|sade_sati_phase=neutral||rising|dig_Sa=neutral
2026-07-14,PRIME_TRADE_BEAR,-0.9319,0.0,0.9319,0,3,SHUKLA,1,Nanda,Punarvasu,Harshana,auspicious,Kimstughna,Ma,exalted,neutral,friendly,1,1,0,1,Su,,dig_Sa|dig_Ma|sade_sati_phase=neutral||neutral||rising|dig_Ma|sade_sati_phase=neutral||rising|dig_Sa=neutral
2026-07-15,PRIME_TRADE_BEAR,-0.9319,0.0,0.9319,0,3,SHUKLA,2,Bhadra,Pushya,Vajra,inauspicious,Balava,Me,exalted,neutral,own,1,0,1,1,Su,,dig_Sa|dig_Ma|sade_sati_phase=neutral||neutral||rising|dig_Ma|sade_sati_phase=neutral||rising|dig_Sa=neutral
2026-07-16,PRIME_TRADE_BEAR,-0.9319,0.0,0.9319,0,3,SHUKLA,3,Jaya,Ashlesha,Siddhi,auspicious,Taitila,Ju,exalted,neutral,own,1,0,1,1,Su,,dig_Sa|dig_Ma|sade_sati_phase=neutral||neutral||rising|dig_Ma|sade_sati_phase=neutral||rising|dig_Sa=neutral
2026-07-17,PRIME_TRADE_BEAR,-0.9319,0.0,0.9319,0,3,SHUKLA,4,Rikta,Magha,Vyatipata,inauspicious,Vanija,Ve,exalted,neutral,friendly,1,0,0,1,Su,,dig_Sa|dig_Ma|sade_sati_phase=neutral||neutral||rising|dig_Ma|sade_sati_phase=neutral||rising|dig_Sa=neutral
2026-07-20,PRIME_TRADE_BEAR,-0.9319,0.0,0.9319,0,3,SHUKLA,7,Bhadra,Hasta,Shiva,auspicious,Vanija,Mo,exalted,neutral,friendly,1,0,0,1,Su,,dig_Sa|dig_Ma|sade_sati_phase=neutral||neutral||rising|dig_Ma|sade_sati_phase=neutral||rising|dig_Sa=neutral
2026-07-21,PRIME_TRADE_BEAR,-1.2947,0.0,1.2947,0,4,SHUKLA,8,Jaya,Chitra,Siddha,auspicious,Bava,Ma,exalted,neutral,neutral,1,0,1,1,Su,,dig_Sa|dig_Ma|sade_sati_phase=neutral||neutral||rising|dig_Ma|sade_sati_phase=neutral||rising|dig_Sa|dig_Mo=neutral||neutral
2026-07-22,PRIME_TRADE_BEAR,-1.2947,0.0,1.2947,0,4,SHUKLA,9,Rikta,Swati,Sadhya,auspicious,Balava,Me,exalted,neutral,neutral,1,0,1,1,Su,,dig_Sa|dig_Ma|sade_sati_phase=neutral||neutral||rising|dig_Ma|sade_sati_phase=neutral||rising|dig_Sa|dig_Mo=neutral||neutral
2026-07-23,PRIME_TRADE_BEAR,-1.2947,0.0,1.2947,0,4,SHUKLA,10,Purna,Vishakha,Shubha,auspicious,Taitila,Ju,exalted,neutral,neutral,1,0,1,1,Su,,dig_Sa|dig_Ma|sade_sati_phase=neutral||neutral||rising|dig_Ma|sade_sati_phase=neutral||rising|dig_Sa|dig_Mo=neutral||neutral
2026-07-24,PRIME_TRADE_BEAR,-0.9319,0.0,0.9319,0,3,SHUKLA,11,Nanda,Anuradha,Shukla,auspicious,Vanija,Ve,exalted,neutral,debilitated,0,0,0,1,Su,,dig_Sa|dig_Ma|sade_sati_phase=neutral||neutral||rising|dig_Ma|sade_sati_phase=neutral||rising|dig_Sa=neutral
2026-07-27,PRIME_TRADE_BEAR,-1.2947,0.0,1.2947,0,4,SHUKLA,14,Rikta,PurvaAshadha,Vaidhriti,inauspicious,Garija,Mo,exalted,neutral,neutral,0,0,0,1,Su,,dig_Sa|dig_Ma|sade_sati_phase=neutral||neutral||rising|dig_Ma|sade_sati_phase=neutral||rising|dig_Sa|dig_Mo=neutral||neutral
2026-07-28,PRIME_TRADE_BEAR,-1.2947,0.0,1.2947,0,4,SHUKLA,14,Rikta,UttaraAshadha,Vishkambha,inauspicious,Vanija,Ma,exalted,neutral,neutral,0,0,0,1,Su,,dig_Sa|dig_Ma|sade_sati_phase=neutral||neutral||rising|dig_Ma|sade_sati_phase=neutral||rising|dig_Sa|dig_Mo=neutral||neutral
2026-07-29,PRIME_TRADE_BEAR,-1.2947,0.0,1.2947,0,4,SHUKLA,15,Purna,Shravana,Priti,auspicious,Bava,Me,exalted,neutral,neutral,0,0,1,1,Su,,dig_Sa|dig_Ma|sade_sati_phase=neutral||neutral||rising|dig_Ma|sade_sati_phase=neutral||rising|dig_Sa|dig_Mo=neutral||neutral
2026-07-30,PRIME_TRADE_BEAR,-1.2947,0.0,1.2947,0,4,KRISHNA,16,Nanda,Shravana,Ayushman,auspicious,Kaulava,Ju,exalted,neutral,neutral,0,0,1,1,Su,,dig_Sa|dig_Ma|sade_sati_phase=neutral||neutral||rising|dig_Ma|sade_sati_phase=neutral||rising|dig_Sa|dig_Mo=neutral||neutral
2026-07-31,PRIME_TRADE_BEAR,-1.2947,0.0,1.2947,0,4,KRISHNA,17,Bhadra,Dhanishtha,Saubhagya,auspicious,Garija,Ve,exalted,neutral,neutral,0,0,0,1,Su,,dig_Sa|dig_Ma|sade_sati_phase=neutral||neutral||rising|dig_Ma|sade_sati_phase=neutral||rising|dig_Sa|dig_Mo=neutral||neutral
2026-08-03,WATCH_BEAR,-0.7415,0.0,0.7415,0,2,KRISHNA,20,Purna,UttaraBhadrapada,Sukarma,auspicious,Taitila,Mo,exalted,neutral,neutral,0,0,0,1,Su,,dig_Sa|dig_Mo=neutral||neutral|dig_Sa=neutral
2026-08-04,WATCH_BEAR,-0.7415,0.0,0.7415,0,2,KRISHNA,21,Nanda,Revati,Dhriti,auspicious,Vanija,Ma,exalted,neutral,neutral,0,0,0,1,Su,,dig_Sa|dig_Mo=neutral||neutral|dig_Sa=neutral
2026-08-05,WATCH_BEAR,-0.7415,0.0,0.7415,0,2,KRISHNA,22,Bhadra,Ashwini,Ganda,inauspicious,Bava,Me,exalted,neutral,neutral,0,0,1,1,Su,,dig_Sa|dig_Mo=neutral||neutral|dig_Sa=neutral
2026-08-06,WATCH_BEAR,-0.7415,0.0,0.7415,0,2,KRISHNA,23,Jaya,Bharani,Vriddhi,auspicious,Kaulava,Ju,exalted,neutral,neutral,0,0,1,1,Su,,dig_Sa|dig_Mo=neutral||neutral|dig_Sa=neutral
2026-08-07,WATCH_BEAR,-0.3786,0.0,0.3786,0,1,KRISHNA,25,Purna,Krittika,Dhruva,auspicious,Vanija,Ve,exalted,neutral,exalted,0,0,0,1,Su,,dig_Sa=neutral
2026-08-10,WATCH_BEAR,-0.3786,0.0,0.3786,0,1,KRISHNA,28,Jaya,Punarvasu,Vajra,inauspicious,Garija,Mo,exalted,neutral,friendly,0,0,0,1,Su,,dig_Sa=neutral
2026-08-11,WATCH_BEAR,-0.3786,0.0,0.3786,0,1,KRISHNA,29,Rikta,Pushya,Siddhi,auspicious,Shakuni,Ma,exalted,neutral,own,0,0,1,1,Su,,dig_Sa=neutral
2026-08-12,WATCH_BEAR,-0.3786,0.0,0.3786,0,1,KRISHNA,30,Purna,Ashlesha,Variyan,auspicious,Naga,Me,exalted,neutral,own,0,1,1,1,Su,,dig_Sa=neutral
2026-08-13,WATCH_BEAR,-0.3786,0.0,0.3786,0,1,SHUKLA,1,Nanda,Magha,Parigha,inauspicious,Bava,Ju,exalted,neutral,friendly,0,1,0,1,Su,,dig_Sa=neutral
2026-08-14,WATCH_BEAR,-0.3786,0.0,0.3786,0,1,SHUKLA,2,Bhadra,PurvaPhalguni,Shiva,auspicious,Kaulava,Ve,exalted,neutral,friendly,0,0,0,1,Su,,dig_Sa=neutral
2026-08-17,WATCH_BEAR,-0.7415,0.0,0.7415,0,2,SHUKLA,6,Nanda,Chitra,Shubha,auspicious,Kaulava,Mo,exalted,neutral,neutral,0,0,1,1,Su,,dig_Sa|dig_Mo=neutral||neutral|dig_Sa=neutral
2026-08-18,WATCH_BEAR,-0.7415,0.0,0.7415,0,2,SHUKLA,6,Nanda,Swati,Shukla,auspicious,Taitila,Ma,exalted,neutral,neutral,0,0,1,1,Su,,dig_Sa|dig_Mo=neutral||neutral|dig_Sa=neutral
2026-08-19,WATCH_BEAR,-0.7415,0.0,0.7415,0,2,SHUKLA,7,Bhadra,Vishakha,Brahma,auspicious,Vanija,Me,exalted,neutral,neutral,0,0,1,1,Su,,dig_Sa|dig_Mo=neutral||neutral|dig_Sa=neutral
2026-08-20,WATCH_BEAR,-0.3786,0.0,0.3786,0,1,SHUKLA,8,Jaya,Anuradha,Indra,auspicious,Bava,Ju,exalted,neutral,debilitated,0,0,0,1,Su,,dig_Sa=neutral
2026-08-21,WATCH_BEAR,-0.3786,0.0,0.3786,0,1,SHUKLA,9,Rikta,Jyeshtha,Vaidhriti,inauspicious,Kaulava,Ve,exalted,neutral,debilitated,0,0,0,1,Su,,dig_Sa=neutral
2026-08-24,WATCH_BEAR,-0.7415,0.0,0.7415,0,2,SHUKLA,12,Bhadra,PurvaAshadha,Ayushman,auspicious,Balava,Mo,exalted,neutral,neutral,0,0,0,1,Su,,dig_Sa|dig_Mo=neutral||neutral|dig_Sa=neutral
2026-08-25,WATCH_BEAR,-0.7415,0.0,0.7415,0,2,SHUKLA,13,Jaya,UttaraAshadha,Saubhagya,auspicious,Kaulava,Ma,exalted,neutral,neutral,0,0,1,1,Su,,dig_Sa|dig_Mo=neutral||neutral|dig_Sa=neutral
2026-08-26,WATCH_BEAR,-0.7415,0.0,0.7415,0,2,SHUKLA,14,Rikta,Shravana,Shobhana,auspicious,Garija,Me,exalted,neutral,neutral,0,0,1,1,Su,,dig_Sa|dig_Mo=neutral||neutral|dig_Sa=neutral
2026-08-27,WATCH_BEAR,-0.7415,0.0,0.7415,0,2,SHUKLA,15,Purna,Dhanishtha,Atiganda,inauspicious,Vishti,Ju,exalted,neutral,neutral,0,0,0,1,Su,,dig_Sa|dig_Mo=neutral||neutral|dig_Sa=neutral
2026-08-28,PRIME_TRADE_BEAR,-0.9373,0.0,0.9373,0,3,KRISHNA,16,Nanda,Shatabhisha,Sukarma,auspicious,Balava,Ve,exalted,neutral,neutral,0,0,0,1,Su,,paksha|dig_Me|sade_sati_phase=KRISHNA||friendly||rising|dig_Sa|dig_Mo=neutral||neutral|dig_Sa=neutral
2026-08-31,PRIME_TRADE_BEAR,-0.9373,0.0,0.9373,0,3,KRISHNA,19,Rikta,Revati,Ganda,inauspicious,Bava,Mo,exalted,neutral,neutral,0,0,0,1,Su,,paksha|dig_Me|sade_sati_phase=KRISHNA||friendly||rising|dig_Sa|dig_Mo=neutral||neutral|dig_Sa=neutral
2026-09-01,PRIME_TRADE_BEAR,-0.9373,0.0,0.9373,0,3,KRISHNA,20,Purna,Ashwini,Vriddhi,auspicious,Kaulava,Ma,exalted,neutral,neutral,0,0,1,1,Su,,paksha|dig_Me|sade_sati_phase=KRISHNA||friendly||rising|dig_Sa|dig_Mo=neutral||neutral|dig_Sa=neutral
2026-09-02,PRIME_TRADE_BEAR,-0.9373,0.0,0.9373,0,3,KRISHNA,21,Nanda,Bharani,Dhruva,auspicious,Vanija,Me,exalted,neutral,neutral,0,0,1,1,Su,,paksha|dig_Me|sade_sati_phase=KRISHNA||friendly||rising|dig_Sa|dig_Mo=neutral||neutral|dig_Sa=neutral
2026-09-03,WATCH_BEAR,-0.5745,0.0,0.5745,0,2,KRISHNA,22,Bhadra,Krittika,Vyaghata,inauspicious,Bava,Ju,exalted,neutral,exalted,0,0,0,1,Su,,paksha|dig_Me|sade_sati_phase=KRISHNA||friendly||rising|dig_Sa=neutral
2026-09-04,WATCH_BEAR,-0.5745,0.0,0.5745,0,2,KRISHNA,23,Jaya,Rohini,Vajra,inauspicious,Kaulava,Ve,exalted,neutral,exalted,0,0,0,1,Su,,paksha|dig_Me|sade_sati_phase=KRISHNA||friendly||rising|dig_Sa=neutral
2026-09-07,WATCH_BEAR,-0.3786,0.0,0.3786,0,1,KRISHNA,27,Bhadra,Punarvasu,Variyan,auspicious,Kaulava,Mo,exalted,neutral,own,0,0,1,1,Su,,dig_Sa=neutral
2026-09-08,WATCH_BEAR,-0.3786,0.0,0.3786,0,1,KRISHNA,28,Jaya,Ashlesha,Parigha,inauspicious,Garija,Ma,exalted,neutral,own,0,0,1,1,Su,,dig_Sa=neutral
2026-09-09,WATCH_BEAR,-0.3786,0.0,0.3786,0,1,KRISHNA,29,Rikta,Magha,Shiva,auspicious,Vishti,Me,exalted,neutral,friendly,0,0,0,1,Su,,dig_Sa=neutral
2026-09-10,WATCH_BEAR,-0.3786,0.0,0.3786,0,1,KRISHNA,30,Purna,PurvaPhalguni,Siddha,auspicious,Chatushpada,Ju,exalted,neutral,friendly,0,1,0,1,Su,,dig_Sa=neutral
2026-09-11,WATCH_BEAR,-0.3786,0.0,0.3786,0,1,SHUKLA,1,Nanda,UttaraPhalguni,Shubha,auspicious,Kimstughna,Ve,exalted,neutral,friendly,0,1,0,1,Su,,dig_Sa=neutral
2026-09-15,WATCH_BEAR,-0.7415,0.0,0.7415,0,2,SHUKLA,5,Purna,Vishakha,Vaidhriti,inauspicious,Bava,Ma,exalted,neutral,neutral,0,0,1,1,Su,,dig_Sa|dig_Mo=neutral||neutral|dig_Sa=neutral
2026-09-16,WATCH_BEAR,-0.3786,0.0,0.3786,0,1,SHUKLA,6,Nanda,Anuradha,Vishkambha,inauspicious,Kaulava,Me,exalted,neutral,exact_debil,0,0,0,1,Su,,dig_Sa=neutral
2026-09-17,WATCH_BEAR,-0.3786,0.0,0.3786,0,1,SHUKLA,7,Bhadra,Anuradha,Priti,auspicious,Garija,Ju,exalted,neutral,debilitated,0,0,0,1,Su,,dig_Sa=neutral
2026-09-18,WATCH_BEAR,-0.3786,0.0,0.3786,0,1,SHUKLA,8,Jaya,Jyeshtha,Ayushman,auspicious,Vishti,Ve,exalted,neutral,debilitated,0,0,0,1,Su,,dig_Sa=neutral
2026-09-21,WATCH_BEAR,-0.7415,0.0,0.7415,0,2,SHUKLA,10,Purna,UttaraAshadha,Atiganda,inauspicious,Garija,Mo,exalted,neutral,neutral,0,0,1,1,Su,,dig_Sa|dig_Mo=neutral||neutral|dig_Sa=neutral
2026-09-22,WATCH_BEAR,-0.7415,0.0,0.7415,0,2,SHUKLA,11,Nanda,Shravana,Sukarma,auspicious,Vishti,Ma,exalted,neutral,neutral,0,0,1,1,Su,,dig_Sa|dig_Mo=neutral||neutral|dig_Sa=neutral
2026-09-23,WATCH_BEAR,-0.7415,0.0,0.7415,0,2,SHUKLA,12,Bhadra,Dhanishtha,Dhriti,auspicious,Balava,Me,exalted,neutral,neutral,0,0,1,1,Su,,dig_Sa|dig_Mo=neutral||neutral|dig_Sa=neutral
2026-09-24,WATCH_BEAR,-0.7415,0.0,0.7415,0,2,SHUKLA,13,Jaya,Shatabhisha,Shoola,inauspicious,Taitila,Ju,exalted,neutral,neutral,0,0,0,1,Su,,dig_Sa|dig_Mo=neutral||neutral|dig_Sa=neutral
2026-09-25,WATCH_BEAR,-0.7415,0.0,0.7415,0,2,SHUKLA,14,Rikta,PurvaBhadrapada,Ganda,inauspicious,Vanija,Ve,exalted,neutral,neutral,0,0,0,1,Su,,dig_Sa|dig_Mo=neutral||neutral|dig_Sa=neutral
2026-09-28,PRIME_TRADE_BEAR,-0.9373,0.0,0.9373,0,3,KRISHNA,17,Bhadra,Ashwini,Vyaghata,inauspicious,Garija,Mo,exalted,neutral,neutral,0,0,1,1,Su,,paksha|dig_Me|sade_sati_phase=KRISHNA||friendly||rising|dig_Sa|dig_Mo=neutral||neutral|dig_Sa=neutral
2026-09-29,PRIME_TRADE_BEAR,-0.9373,0.0,0.9373,0,3,KRISHNA,19,Rikta,Bharani,Harshana,auspicious,Bava,Ma,exalted,neutral,neutral,0,0,1,1,Su,,paksha|dig_Me|sade_sati_phase=KRISHNA||friendly||rising|dig_Sa|dig_Mo=neutral||neutral|dig_Sa=neutral
2026-09-30,WATCH_BEAR,-0.5745,0.0,0.5745,0,2,KRISHNA,20,Purna,Krittika,Vajra,inauspicious,Kaulava,Me,exalted,neutral,exact_exalt,0,0,0,1,Su,,paksha|dig_Me|sade_sati_phase=KRISHNA||friendly||rising|dig_Sa=neutral
2026-10-01,WATCH_BEAR,-0.5745,0.0,0.5745,0,2,KRISHNA,21,Nanda,Rohini,Siddhi,auspicious,Garija,Ju,exalted,neutral,exalted,0,0,0,1,Su,,paksha|dig_Me|sade_sati_phase=KRISHNA||friendly||rising|dig_Sa=neutral
2026-10-05,WATCH_BEAR,-0.5745,0.0,0.5745,0,2,KRISHNA,25,Purna,Pushya,Siddha,auspicious,Vishti,Mo,exalted,neutral,own,0,0,1,1,Su,,paksha|dig_Me|sade_sati_phase=KRISHNA||friendly||rising|dig_Sa=neutral
2026-10-06,WATCH_BEAR,-0.5745,0.0,0.5745,0,2,KRISHNA,26,Nanda,Ashlesha,Sadhya,auspicious,Balava,Ma,exalted,neutral,own,0,0,1,1,Su,,paksha|dig_Me|sade_sati_phase=KRISHNA||friendly||rising|dig_Sa=neutral
2026-10-07,WATCH_BEAR,-0.5745,0.0,0.5745,0,2,KRISHNA,27,Bhadra,Magha,Shubha,auspicious,Taitila,Me,exalted,neutral,friendly,0,0,0,1,Su,,paksha|dig_Me|sade_sati_phase=KRISHNA||friendly||rising|dig_Sa=neutral
2026-10-08,WATCH_BEAR,-0.5745,0.0,0.5745,0,2,KRISHNA,28,Jaya,PurvaPhalguni,Shukla,auspicious,Vanija,Ju,exalted,neutral,friendly,0,0,0,1,Su,,paksha|dig_Me|sade_sati_phase=KRISHNA||friendly||rising|dig_Sa=neutral
2026-10-09,WATCH_BEAR,-0.5745,0.0,0.5745,0,2,KRISHNA,29,Rikta,UttaraPhalguni,Brahma,auspicious,Shakuni,Ve,exalted,neutral,friendly,0,0,0,1,Su,,paksha|dig_Me|sade_sati_phase=KRISHNA||friendly||rising|dig_Sa=neutral
2026-10-12,WATCH_BEAR,-0.7415,0.0,0.7415,0,2,SHUKLA,2,Bhadra,Swati,Vishkambha,inauspicious,Kaulava,Mo,exalted,neutral,neutral,0,0,1,1,Su,,dig_Sa|dig_Mo=neutral||neutral|dig_Sa=neutral
2026-10-13,WATCH_BEAR,-0.7415,0.0,0.7415,0,2,SHUKLA,3,Jaya,Vishakha,Priti,auspicious,Garija,Ma,exalted,neutral,neutral,0,0,1,1,Su,,dig_Sa|dig_Mo=neutral||neutral|dig_Sa=neutral
2026-10-14,WATCH_BEAR,-0.3786,0.0,0.3786,0,1,SHUKLA,4,Rikta,Anuradha,Ayushman,auspicious,Vishti,Me,exalted,neutral,debilitated,0,0,0,1,Su,,dig_Sa=neutral
2026-10-15,WATCH_BEAR,-0.3786,0.0,0.3786,0,1,SHUKLA,5,Purna,Jyeshtha,Saubhagya,auspicious,Balava,Ju,exalted,neutral,debilitated,0,0,0,1,Su,,dig_Sa=neutral
2026-10-16,WATCH_BEAR,-0.7415,0.0,0.7415,0,2,SHUKLA,6,Nanda,Mula,Shobhana,auspicious,Taitila,Ve,exalted,neutral,neutral,0,0,0,1,Su,,dig_Sa|dig_Mo=neutral||neutral|dig_Sa=neutral
2026-10-19,WATCH_BEAR,-0.7415,0.0,0.7415,0,2,SHUKLA,9,Rikta,Shravana,Dhriti,auspicious,Balava,Mo,exalted,neutral,neutral,0,0,1,1,Su,,dig_Sa|dig_Mo=neutral||neutral|dig_Sa=neutral
2026-10-21,WATCH_BEAR,-0.7415,0.0,0.7415,0,2,SHUKLA,11,Nanda,Dhanishtha,Ganda,inauspicious,Vanija,Me,exalted,neutral,neutral,0,0,0,1,Su,,dig_Sa|dig_Mo=neutral||neutral|dig_Sa=neutral
2026-10-22,WATCH_BEAR,-0.7415,0.0,0.7415,0,2,SHUKLA,12,Bhadra,Shatabhisha,Vriddhi,auspicious,Bava,Ju,exalted,neutral,neutral,0,0,0,1,Su,,dig_Sa|dig_Mo=neutral||neutral|dig_Sa=neutral
2026-10-23,WATCH_BEAR,-0.7415,0.0,0.7415,0,2,SHUKLA,13,Jaya,PurvaBhadrapada,Dhruva,auspicious,Kaulava,Ve,exalted,neutral,neutral,0,0,0,1,Su,,dig_Sa|dig_Mo=neutral||neutral|dig_Sa=neutral
2026-10-26,PRIME_TRADE_BEAR,-0.9373,0.0,0.9373,0,3,KRISHNA,16,Nanda,Ashwini,Siddhi,auspicious,Balava,Mo,exalted,neutral,neutral,1,0,1,1,Su,,paksha|dig_Me|sade_sati_phase=KRISHNA||friendly||rising|dig_Sa|dig_Mo=neutral||neutral|dig_Sa=neutral
2026-10-27,PRIME_TRADE_BEAR,-0.9373,0.0,0.9373,0,3,KRISHNA,17,Bhadra,Krittika,Vyatipata,inauspicious,Taitila,Ma,exalted,neutral,neutral,1,0,1,1,Su,,paksha|dig_Me|sade_sati_phase=KRISHNA||friendly||rising|dig_Sa|dig_Mo=neutral||neutral|dig_Sa=neutral
2026-10-28,WATCH_BEAR,-0.5745,0.0,0.5745,0,2,KRISHNA,18,Jaya,Rohini,Variyan,auspicious,Vishti,Me,exalted,neutral,exalted,1,0,0,1,Su,,paksha|dig_Me|sade_sati_phase=KRISHNA||friendly||rising|dig_Sa=neutral
2026-10-29,WATCH_BEAR,-0.5745,0.0,0.5745,0,2,KRISHNA,19,Rikta,Mrigashira,Parigha,inauspicious,Balava,Ju,exalted,neutral,exalted,1,0,0,1,Su,,paksha|dig_Me|sade_sati_phase=KRISHNA||friendly||rising|dig_Sa=neutral
2026-10-30,WATCH_BEAR,-0.5745,0.0,0.5745,0,2,KRISHNA,20,Purna,Ardra,Shiva,auspicious,Taitila,Ve,exalted,neutral,friendly,1,0,0,1,Su,,paksha|dig_Me|sade_sati_phase=KRISHNA||friendly||rising|dig_Sa=neutral
2026-11-02,WATCH_BEAR,-0.5745,0.0,0.5745,0,2,KRISHNA,24,Rikta,Ashlesha,Shukla,auspicious,Taitila,Mo,friendly,neutral,own,1,0,0,1,Su,,paksha|dig_Me|sade_sati_phase=KRISHNA||friendly||rising|dig_Sa=neutral
2026-11-03,WATCH_BEAR,-0.5745,0.0,0.5745,0,2,KRISHNA,25,Purna,Magha,Brahma,auspicious,Vanija,Ma,friendly,neutral,friendly,1,0,1,1,Su,,paksha|dig_Me|sade_sati_phase=KRISHNA||friendly||rising|dig_Sa=neutral
2026-11-04,WATCH_BEAR,-0.5745,0.0,0.5745,0,2,KRISHNA,26,Nanda,PurvaPhalguni,Indra,auspicious,Bava,Me,friendly,neutral,friendly,1,0,1,1,Su,,paksha|dig_Me|sade_sati_phase=KRISHNA||friendly||rising|dig_Sa=neutral
2026-11-05,WATCH_BEAR,-0.5745,0.0,0.5745,0,2,KRISHNA,27,Bhadra,UttaraPhalguni,Vaidhriti,inauspicious,Kaulava,Ju,friendly,neutral,friendly,1,0,0,1,Su,,paksha|dig_Me|sade_sati_phase=KRISHNA||friendly||rising|dig_Sa=neutral
2026-11-06,WATCH_BEAR,-0.5745,0.0,0.5745,0,2,KRISHNA,28,Jaya,Hasta,Vishkambha,inauspicious,Garija,Ve,friendly,neutral,friendly,1,0,0,1,Su,,paksha|dig_Me|sade_sati_phase=KRISHNA||friendly||rising|dig_Sa=neutral
2026-11-09,WATCH_BEAR,-0.7415,0.0,0.7415,0,2,SHUKLA,1,Nanda,Vishakha,Saubhagya,auspicious,Kimstughna,Mo,friendly,neutral,neutral,1,1,0,1,Su,,dig_Sa|dig_Mo=neutral||neutral|dig_Sa=neutral
2026-11-11,WATCH_BEAR,-0.3786,0.0,0.3786,0,1,SHUKLA,3,Jaya,Jyeshtha,Atiganda,inauspicious,Taitila,Me,friendly,neutral,debilitated,1,0,1,1,Su,,dig_Sa=neutral
2026-11-12,WATCH_BEAR,-0.7415,0.0,0.7415,0,2,SHUKLA,3,Jaya,Mula,Sukarma,auspicious,Garija,Ju,friendly,neutral,neutral,1,0,0,1,Su,,dig_Sa|dig_Mo=neutral||neutral|dig_Sa=neutral
2026-11-13,WATCH_BEAR,-0.7415,0.0,0.7415,0,2,SHUKLA,4,Rikta,PurvaAshadha,Dhriti,auspicious,Vishti,Ve,friendly,neutral,neutral,1,0,0,1,Su,,dig_Sa|dig_Mo=neutral||neutral|dig_Sa=neutral
2026-11-16,WATCH_BEAR,-0.7415,0.0,0.7415,0,2,SHUKLA,7,Bhadra,Shravana,Vriddhi,auspicious,Vanija,Mo,friendly,neutral,neutral,0,0,0,1,Su,,dig_Sa|dig_Mo=neutral||neutral|dig_Sa=neutral
2026-11-17,WATCH_BEAR,-0.7415,0.0,0.7415,0,2,SHUKLA,8,Jaya,Dhanishtha,Dhruva,auspicious,Bava,Ma,friendly,neutral,neutral,0,0,1,1,Su,,dig_Sa|dig_Mo=neutral||neutral|dig_Sa=neutral
2026-11-18,WATCH_BEAR,-0.7415,0.0,0.7415,0,2,SHUKLA,9,Rikta,Shatabhisha,Vyaghata,inauspicious,Balava,Me,friendly,neutral,neutral,0,0,1,1,Su,,dig_Sa|dig_Mo=neutral||neutral|dig_Sa=neutral
2026-11-19,WATCH_BEAR,-0.7415,0.0,0.7415,0,2,SHUKLA,10,Purna,PurvaBhadrapada,Harshana,auspicious,Taitila,Ju,friendly,neutral,neutral,0,0,1,1,Su,,dig_Sa|dig_Mo=neutral||neutral|dig_Sa=neutral
2026-11-20,WATCH_BEAR,-0.7415,0.0,0.7415,0,2,SHUKLA,11,Nanda,UttaraBhadrapada,Vajra,inauspicious,Vanija,Ve,friendly,neutral,neutral,0,0,0,1,Su,,dig_Sa|dig_Mo=neutral||neutral|dig_Sa=neutral
2026-11-23,WATCH_BEAR,-0.7415,0.0,0.7415,0,2,SHUKLA,14,Rikta,Bharani,Variyan,auspicious,Vanija,Mo,friendly,neutral,neutral,0,0,0,1,Su,,dig_Sa|dig_Mo=neutral||neutral|dig_Sa=neutral
2026-11-25,WATCH_BEAR,-0.5745,0.0,0.5745,0,2,KRISHNA,17,Bhadra,Rohini,Siddha,auspicious,Taitila,Me,friendly,neutral,exalted,0,0,1,1,Su,,paksha|dig_Me|sade_sati_phase=KRISHNA||friendly||rising|dig_Sa=neutral
2026-11-26,WATCH_BEAR,-0.5745,0.0,0.5745,0,2,KRISHNA,18,Jaya,Mrigashira,Sadhya,auspicious,Vanija,Ju,friendly,neutral,friendly,0,0,0,1,Su,,paksha|dig_Me|sade_sati_phase=KRISHNA||friendly||rising|dig_Sa=neutral
2026-11-27,WATCH_BEAR,-0.5745,0.0,0.5745,0,2,KRISHNA,19,Rikta,Punarvasu,Shubha,auspicious,Bava,Ve,friendly,neutral,friendly,0,0,0,1,Su,,paksha|dig_Me|sade_sati_phase=KRISHNA||friendly||rising|dig_Sa=neutral
2026-11-30,WATCH_BEAR,-0.5745,0.0,0.5745,0,2,KRISHNA,22,Bhadra,Magha,Vaidhriti,inauspicious,Bava,Mo,friendly,neutral,friendly,0,0,1,1,Su,,paksha|dig_Me|sade_sati_phase=KRISHNA||friendly||rising|dig_Sa=neutral
2026-12-01,WATCH_BEAR,-0.5745,0.0,0.5745,0,2,KRISHNA,23,Jaya,PurvaPhalguni,Vishkambha,inauspicious,Kaulava,Ma,friendly,neutral,friendly,0,0,1,1,Su,,paksha|dig_Me|sade_sati_phase=KRISHNA||friendly||rising|dig_Sa=neutral
2026-12-02,WATCH_BEAR,-0.3786,0.0,0.3786,0,1,KRISHNA,24,Rikta,UttaraPhalguni,Priti,auspicious,Garija,Me,friendly,neutral,friendly,0,0,0,1,Su,,dig_Sa=neutral
2026-12-03,WATCH_BEAR,-0.3786,0.0,0.3786,0,1,KRISHNA,25,Purna,Hasta,Ayushman,auspicious,Vishti,Ju,friendly,neutral,friendly,0,0,0,1,Su,,dig_Sa=neutral
2026-12-04,WATCH_BEAR,-0.3786,0.0,0.3786,0,1,KRISHNA,26,Nanda,Chitra,Saubhagya,auspicious,Balava,Ve,friendly,neutral,friendly,0,0,0,1,Su,,dig_Sa=neutral
2026-12-07,WATCH_BEAR,-0.3786,0.0,0.3786,0,1,KRISHNA,29,Rikta,Anuradha,Sukarma,auspicious,Shakuni,Mo,friendly,neutral,debilitated,0,0,1,1,Su,,dig_Sa=neutral
2026-12-08,WATCH_BEAR,-0.3786,0.0,0.3786,0,1,KRISHNA,30,Purna,Anuradha,Dhriti,auspicious,Naga,Ma,friendly,neutral,debilitated,0,1,1,1,Su,,dig_Sa=neutral
2026-12-09,WATCH_BEAR,-0.3786,0.0,0.3786,0,1,SHUKLA,1,Nanda,Jyeshtha,Shoola,inauspicious,Kimstughna,Me,friendly,neutral,debilitated,0,1,1,1,Su,,dig_Sa=neutral
2026-12-10,PRIME_TRADE_BEAR,-1.053,0.0,1.053,0,3,SHUKLA,2,Bhadra,Mula,Ganda,inauspicious,Balava,Ju,friendly,neutral,neutral,0,0,0,1,Su,,dig_Mo|dig_Ma|dig_Me=neutral||friendly||neutral|dig_Sa|dig_Mo=neutral||neutral|dig_Sa=neutral
2026-12-11,PRIME_TRADE_BEAR,-1.053,0.0,1.053,0,3,SHUKLA,3,Jaya,PurvaAshadha,Vriddhi,auspicious,Taitila,Ve,friendly,neutral,neutral,0,0,0,1,Su,,dig_Mo|dig_Ma|dig_Me=neutral||friendly||neutral|dig_Sa|dig_Mo=neutral||neutral|dig_Sa=neutral
2026-12-14,PRIME_TRADE_BEAR,-1.053,0.0,1.053,0,3,SHUKLA,5,Purna,Dhanishtha,Harshana,auspicious,Balava,Mo,friendly,neutral,neutral,0,0,0,1,Su,,dig_Mo|dig_Ma|dig_Me=neutral||friendly||neutral|dig_Sa|dig_Mo=neutral||neutral|dig_Sa=neutral
2026-12-15,PRIME_TRADE_BEAR,-1.053,0.0,1.053,0,3,SHUKLA,6,Nanda,Shatabhisha,Vajra,inauspicious,Taitila,Ma,friendly,neutral,neutral,0,0,1,1,Su,,dig_Mo|dig_Ma|dig_Me=neutral||friendly||neutral|dig_Sa|dig_Mo=neutral||neutral|dig_Sa=neutral
2026-12-16,PRIME_TRADE_BEAR,-1.053,0.0,1.053,0,3,SHUKLA,7,Bhadra,PurvaBhadrapada,Siddhi,auspicious,Vanija,Me,friendly,neutral,neutral,0,0,1,1,Su,,dig_Mo|dig_Ma|dig_Me=neutral||friendly||neutral|dig_Sa|dig_Mo=neutral||neutral|dig_Sa=neutral
2026-12-17,PRIME_TRADE_BEAR,-1.053,0.0,1.053,0,3,SHUKLA,8,Jaya,UttaraBhadrapada,Vyatipata,inauspicious,Bava,Ju,friendly,neutral,neutral,0,0,0,1,Su,,dig_Mo|dig_Ma|dig_Me=neutral||friendly||neutral|dig_Sa|dig_Mo=neutral||neutral|dig_Sa=neutral
2026-12-18,PRIME_TRADE_BEAR,-1.053,0.0,1.053,0,3,SHUKLA,9,Rikta,Revati,Variyan,auspicious,Kaulava,Ve,friendly,neutral,neutral,0,0,0,1,Su,,dig_Mo|dig_Ma|dig_Me=neutral||friendly||neutral|dig_Sa|dig_Mo=neutral||neutral|dig_Sa=neutral
2026-12-21,PRIME_TRADE_BEAR,-1.053,0.0,1.053,0,3,SHUKLA,12,Bhadra,Krittika,Siddha,auspicious,Balava,Mo,friendly,neutral,neutral,0,0,0,1,Su,,dig_Mo|dig_Ma|dig_Me=neutral||friendly||neutral|dig_Sa|dig_Mo=neutral||neutral|dig_Sa=neutral
2026-12-22,WATCH_BEAR,-0.3786,0.0,0.3786,0,1,SHUKLA,14,Rikta,Rohini,Sadhya,auspicious,Garija,Ma,friendly,neutral,exalted,0,0,1,1,Su,,dig_Sa=neutral
2026-12-23,WATCH_BEAR,-0.3786,0.0,0.3786,0,1,SHUKLA,15,Purna,Mrigashira,Shukla,auspicious,Vishti,Me,friendly,neutral,exalted,0,0,1,1,Su,,dig_Sa=neutral
2026-12-24,WATCH_BEAR,-0.3786,0.0,0.3786,0,1,KRISHNA,16,Nanda,Ardra,Brahma,auspicious,Kaulava,Ju,friendly,neutral,friendly,0,0,0,1,Su,,dig_Sa=neutral
2026-12-28,WATCH_BEAR,-0.3786,0.0,0.3786,0,1,KRISHNA,21,Nanda,PurvaPhalguni,Priti,auspicious,Garija,Mo,friendly,neutral,friendly,0,0,1,1,Su,,dig_Sa=neutral
2026-12-29,WATCH_BEAR,-0.3786,0.0,0.3786,0,1,KRISHNA,22,Bhadra,UttaraPhalguni,Saubhagya,auspicious,Vishti,Ma,friendly,neutral,friendly,0,0,1,1,Su,,dig_Sa=neutral
2026-12-30,WATCH_BEAR,-0.3786,0.0,0.3786,0,1,KRISHNA,23,Jaya,Hasta,Shobhana,auspicious,Balava,Me,friendly,neutral,friendly,0,0,0,1,Su,,dig_Sa=neutral
2026-12-31,WATCH_BEAR,-0.3786,0.0,0.3786,0,1,KRISHNA,24,Rikta,Chitra,Atiganda,inauspicious,Taitila,Ju,friendly,neutral,friendly,0,0,0,1,Su,,dig_Sa=neutral
2027-01-01,PRIME_TRADE_BEAR,-1.053,0.0,1.053,0,3,KRISHNA,25,Purna,Swati,Sukarma,auspicious,Vanija,Ve,friendly,neutral,neutral,0,0,0,1,Su,,dig_Mo|dig_Ma|dig_Me=neutral||friendly||neutral|dig_Sa|dig_Mo=neutral||neutral|dig_Sa=neutral
2027-01-04,WATCH_BEAR,-0.3786,0.0,0.3786,0,1,KRISHNA,27,Bhadra,Anuradha,Ganda,inauspicious,Taitila,Mo,friendly,neutral,debilitated,0,0,1,1,Su,,dig_Sa=neutral
2027-01-05,WATCH_BEAR,-0.3786,0.0,0.3786,0,1,KRISHNA,28,Jaya,Jyeshtha,Vriddhi,auspicious,Vanija,Ma,friendly,neutral,debilitated,0,0,1,1,Su,,dig_Sa=neutral
2027-01-06,PRIME_TRADE_BEAR,-1.053,0.0,1.053,0,3,KRISHNA,29,Rikta,Mula,Dhruva,auspicious,Shakuni,Me,friendly,neutral,neutral,0,0,0,1,Su,,dig_Mo|dig_Ma|dig_Me=neutral||friendly||neutral|dig_Sa|dig_Mo=neutral||neutral|dig_Sa=neutral
2027-01-07,PRIME_TRADE_BEAR,-1.053,0.0,1.053,0,3,KRISHNA,30,Purna,PurvaAshadha,Vyaghata,inauspicious,Naga,Ju,friendly,neutral,neutral,0,1,0,1,Su,,dig_Mo|dig_Ma|dig_Me=neutral||friendly||neutral|dig_Sa|dig_Mo=neutral||neutral|dig_Sa=neutral
2027-01-08,PRIME_TRADE_BEAR,-1.053,0.0,1.053,0,3,SHUKLA,1,Nanda,UttaraAshadha,Harshana,auspicious,Bava,Ve,friendly,neutral,neutral,0,1,0,1,Su,,dig_Mo|dig_Ma|dig_Me=neutral||friendly||neutral|dig_Sa|dig_Mo=neutral||neutral|dig_Sa=neutral
2027-01-11,PRIME_TRADE_BEAR,-1.053,0.0,1.053,0,3,SHUKLA,4,Rikta,Dhanishtha,Siddhi,auspicious,Vanija,Mo,friendly,neutral,neutral,0,0,1,1,Su,,dig_Mo|dig_Ma|dig_Me=neutral||friendly||neutral|dig_Sa|dig_Mo=neutral||neutral|dig_Sa=neutral
2027-01-12,PRIME_TRADE_BEAR,-1.053,0.0,1.053,0,3,SHUKLA,5,Purna,Shatabhisha,Vyatipata,inauspicious,Bava,Ma,friendly,neutral,neutral,0,0,1,1,Su,,dig_Mo|dig_Ma|dig_Me=neutral||friendly||neutral|dig_Sa|dig_Mo=neutral||neutral|dig_Sa=neutral
2027-01-13,PRIME_TRADE_BEAR,-1.053,0.0,1.053,0,3,SHUKLA,6,Nanda,PurvaBhadrapada,Variyan,auspicious,Kaulava,Me,friendly,neutral,neutral,0,0,0,1,Su,,dig_Mo|dig_Ma|dig_Me=neutral||friendly||neutral|dig_Sa|dig_Mo=neutral||neutral|dig_Sa=neutral
2027-01-14,PRIME_TRADE_BEAR,-1.053,0.0,1.053,0,3,SHUKLA,7,Bhadra,UttaraBhadrapada,Shiva,auspicious,Garija,Ju,friendly,neutral,neutral,0,0,0,1,Su,,dig_Mo|dig_Ma|dig_Me=neutral||friendly||neutral|dig_Sa|dig_Mo=neutral||neutral|dig_Sa=neutral
2027-01-15,PRIME_TRADE_BEAR,-1.053,0.0,1.053,0,3,SHUKLA,8,Jaya,Revati,Siddha,auspicious,Vishti,Ve,friendly,neutral,neutral,0,0,0,1,Su,,dig_Mo|dig_Ma|dig_Me=neutral||friendly||neutral|dig_Sa|dig_Mo=neutral||neutral|dig_Sa=neutral
2027-01-18,WATCH_BEAR,-0.3786,0.0,0.3786,0,1,SHUKLA,11,Nanda,Krittika,Shukla,auspicious,Vanija,Mo,friendly,neutral,exalted,0,0,1,1,Su,,dig_Sa=neutral
2027-01-19,WATCH_BEAR,-0.3786,0.0,0.3786,0,1,SHUKLA,12,Bhadra,Rohini,Brahma,auspicious,Bava,Ma,friendly,neutral,exalted,0,0,1,1,Su,,dig_Sa=neutral
2027-01-20,WATCH_BEAR,-0.3786,0.0,0.3786,0,1,SHUKLA,13,Jaya,Ardra,Indra,auspicious,Taitila,Me,friendly,neutral,friendly,0,0,0,1,Su,,dig_Sa=neutral
2027-01-21,WATCH_BEAR,-0.3786,0.0,0.3786,0,1,SHUKLA,14,Rikta,Punarvasu,Vaidhriti,inauspicious,Vanija,Ju,friendly,neutral,friendly,0,0,0,1,Su,,dig_Sa=neutral
2027-01-22,WATCH_BEAR,-0.3786,0.0,0.3786,0,1,SHUKLA,15,Purna,Pushya,Priti,auspicious,Bava,Ve,friendly,neutral,own,0,0,0,1,Su,,dig_Sa=neutral
2027-01-25,WATCH_BEAR,-0.3786,0.0,0.3786,0,1,KRISHNA,19,Rikta,PurvaPhalguni,Shobhana,auspicious,Bava,Mo,exalted,neutral,friendly,0,0,0,1,Su,,dig_Sa=neutral
2027-01-26,WATCH_BEAR,-0.3786,0.0,0.3786,0,1,KRISHNA,20,Purna,UttaraPhalguni,Atiganda,inauspicious,Taitila,Ma,exalted,neutral,friendly,0,0,0,1,Su,,dig_Sa=neutral
2027-01-27,WATCH_BEAR,-0.3786,0.0,0.3786,0,1,KRISHNA,21,Nanda,Hasta,Sukarma,auspicious,Vanija,Me,exalted,neutral,friendly,0,0,0,1,Su,,dig_Sa=neutral
2027-01-28,PRIME_TRADE_BEAR,-1.053,0.0,1.053,0,3,KRISHNA,22,Bhadra,Chitra,Shoola,inauspicious,Bava,Ju,exalted,neutral,neutral,0,0,1,1,Su,,dig_Mo|dig_Ma|dig_Me=neutral||friendly||neutral|dig_Sa|dig_Mo=neutral||neutral|dig_Sa=neutral
2027-01-29,PRIME_TRADE_BEAR,-1.053,0.0,1.053,0,3,KRISHNA,23,Jaya,Swati,Ganda,inauspicious,Kaulava,Ve,exalted,neutral,neutral,0,0,1,1,Su,,dig_Mo|dig_Ma|dig_Me=neutral||friendly||neutral|dig_Sa|dig_Mo=neutral||neutral|dig_Sa=neutral
2027-02-01,WATCH_BEAR,-0.3786,0.0,0.3786,0,1,KRISHNA,26,Nanda,Jyeshtha,Vyaghata,inauspicious,Bava,Mo,exalted,neutral,debilitated,0,0,0,1,Su,,dig_Sa=neutral
2027-02-02,PRIME_TRADE_BEAR,-1.053,0.0,1.053,0,3,KRISHNA,27,Bhadra,Mula,Vyaghata,inauspicious,Kaulava,Ma,exalted,neutral,neutral,0,0,0,1,Su,,dig_Mo|dig_Ma|dig_Me=neutral||friendly||neutral|dig_Sa|dig_Mo=neutral||neutral|dig_Sa=neutral
2027-02-03,PRIME_TRADE_BEAR,-1.053,0.0,1.053,0,3,KRISHNA,28,Jaya,PurvaAshadha,Harshana,auspicious,Garija,Me,exalted,neutral,neutral,0,0,0,1,Su,,dig_Mo|dig_Ma|dig_Me=neutral||friendly||neutral|dig_Sa|dig_Mo=neutral||neutral|dig_Sa=neutral
2027-02-04,PRIME_TRADE_BEAR,-1.053,0.0,1.053,0,3,KRISHNA,29,Rikta,UttaraAshadha,Vajra,inauspicious,Vishti,Ju,exalted,neutral,neutral,0,0,0,1,Su,,dig_Mo|dig_Ma|dig_Me=neutral||friendly||neutral|dig_Sa|dig_Mo=neutral||neutral|dig_Sa=neutral
2027-02-05,PRIME_TRADE_BEAR,-1.053,0.0,1.053,0,3,KRISHNA,29,Rikta,UttaraAshadha,Siddhi,auspicious,Shakuni,Ve,exalted,neutral,neutral,0,0,1,1,Su,,dig_Mo|dig_Ma|dig_Me=neutral||friendly||neutral|dig_Sa|dig_Mo=neutral||neutral|dig_Sa=neutral
2027-02-08,PRIME_TRADE_BEAR,-1.053,0.0,1.053,0,3,SHUKLA,2,Bhadra,Shatabhisha,Parigha,inauspicious,Kaulava,Mo,exalted,neutral,neutral,0,0,0,1,Su,,dig_Mo|dig_Ma|dig_Me=neutral||friendly||neutral|dig_Sa|dig_Mo=neutral||neutral|dig_Sa=neutral
2027-02-09,PRIME_TRADE_BEAR,-1.053,0.0,1.053,0,3,SHUKLA,3,Jaya,PurvaBhadrapada,Shiva,auspicious,Garija,Ma,exalted,neutral,neutral,0,0,0,1,Su,,dig_Mo|dig_Ma|dig_Me=neutral||friendly||neutral|dig_Sa|dig_Mo=neutral||neutral|dig_Sa=neutral
2027-02-10,PRIME_TRADE_BEAR,-1.053,0.0,1.053,0,3,SHUKLA,4,Rikta,UttaraBhadrapada,Siddha,auspicious,Vishti,Me,exalted,neutral,neutral,1,0,0,1,Su,,dig_Mo|dig_Ma|dig_Me=neutral||friendly||neutral|dig_Sa|dig_Mo=neutral||neutral|dig_Sa=neutral
2027-02-11,PRIME_TRADE_BEAR,-1.053,0.0,1.053,0,3,SHUKLA,5,Purna,Revati,Sadhya,auspicious,Balava,Ju,exalted,neutral,neutral,1,0,0,1,Su,,dig_Mo|dig_Ma|dig_Me=neutral||friendly||neutral|dig_Sa|dig_Mo=neutral||neutral|dig_Sa=neutral
2027-02-12,PRIME_TRADE_BEAR,-1.053,0.0,1.053,0,3,SHUKLA,6,Nanda,Ashwini,Shubha,auspicious,Taitila,Ve,exalted,neutral,neutral,1,0,1,1,Su,,dig_Mo|dig_Ma|dig_Me=neutral||friendly||neutral|dig_Sa|dig_Mo=neutral||neutral|dig_Sa=neutral
2027-02-15,WATCH_BEAR,-0.3786,0.0,0.3786,0,1,SHUKLA,9,Rikta,Rohini,Vaidhriti,inauspicious,Kaulava,Mo,exalted,neutral,exalted,1,0,0,1,Su,,dig_Sa=neutral
2027-02-16,WATCH_BEAR,-0.3786,0.0,0.3786,0,1,SHUKLA,10,Purna,Mrigashira,Vishkambha,inauspicious,Garija,Ma,exalted,neutral,friendly,1,0,0,1,Su,,dig_Sa=neutral
2027-02-17,WATCH_BEAR,-0.3786,0.0,0.3786,0,1,SHUKLA,11,Nanda,Ardra,Priti,auspicious,Vishti,Me,exalted,neutral,friendly,1,0,0,1,Su,,dig_Sa=neutral
2027-02-18,WATCH_BEAR,-0.3786,0.0,0.3786,0,1,SHUKLA,13,Jaya,Punarvasu,Ayushman,auspicious,Kaulava,Ju,exalted,neutral,own,1,0,1,1,Su,,dig_Sa=neutral
2027-02-19,WATCH_BEAR,-0.3786,0.0,0.3786,0,1,SHUKLA,14,Rikta,Pushya,Saubhagya,auspicious,Garija,Ve,exalted,neutral,own,1,0,1,1,Su,,dig_Sa=neutral
2027-02-22,WATCH_BEAR,-0.3786,0.0,0.3786,0,1,KRISHNA,17,Bhadra,UttaraPhalguni,Dhriti,auspicious,Garija,Mo,exalted,neutral,friendly,1,0,0,1,Su,,dig_Sa=neutral
2027-02-23,WATCH_BEAR,-0.3786,0.0,0.3786,0,1,KRISHNA,18,Jaya,Hasta,Shoola,inauspicious,Vishti,Ma,exalted,neutral,friendly,1,0,0,1,Su,,dig_Sa=neutral
2027-02-24,WATCH_BEAR,-0.3786,0.0,0.3786,0,1,KRISHNA,19,Rikta,Chitra,Ganda,inauspicious,Balava,Me,exalted,neutral,friendly,1,0,0,1,Su,,dig_Sa=neutral
2027-02-25,PRIME_TRADE_BEAR,-1.053,0.0,1.053,0,3,KRISHNA,20,Purna,Swati,Vriddhi,auspicious,Taitila,Ju,exalted,neutral,neutral,1,0,1,1,Su,,dig_Mo|dig_Ma|dig_Me=neutral||friendly||neutral|dig_Sa|dig_Mo=neutral||neutral|dig_Sa=neutral
2027-02-26,PRIME_TRADE_BEAR,-1.053,0.0,1.053,0,3,KRISHNA,21,Nanda,Vishakha,Dhruva,auspicious,Vanija,Ve,exalted,neutral,neutral,1,0,1,1,Su,,dig_Mo|dig_Ma|dig_Me=neutral||friendly||neutral|dig_Sa|dig_Mo=neutral||neutral|dig_Sa=neutral
2027-03-01,PRIME_TRADE_BEAR,-1.053,0.0,1.053,0,3,KRISHNA,24,Rikta,Mula,Vajra,inauspicious,Garija,Mo,exalted,neutral,neutral,1,0,0,1,Su,,dig_Mo|dig_Ma|dig_Me=neutral||friendly||neutral|dig_Sa|dig_Mo=neutral||neutral|dig_Sa=neutral
2027-03-02,PRIME_TRADE_BEAR,-1.053,0.0,1.053,0,3,KRISHNA,25,Purna,Mula,Siddhi,auspicious,Vishti,Ma,exalted,neutral,neutral,1,0,0,1,Su,,dig_Mo|dig_Ma|dig_Me=neutral||friendly||neutral|dig_Sa|dig_Mo=neutral||neutral|dig_Sa=neutral
2027-03-03,PRIME_TRADE_BEAR,-1.053,0.0,1.053,0,3,KRISHNA,26,Nanda,PurvaAshadha,Vyatipata,inauspicious,Bava,Me,exalted,neutral,neutral,1,0,0,1,Su,,dig_Mo|dig_Ma|dig_Me=neutral||friendly||neutral|dig_Sa|dig_Mo=neutral||neutral|dig_Sa=neutral
2027-03-04,PRIME_TRADE_BEAR,-1.053,0.0,1.053,0,3,KRISHNA,27,Bhadra,UttaraAshadha,Variyan,auspicious,Kaulava,Ju,exalted,neutral,neutral,0,0,1,1,Su,,dig_Mo|dig_Ma|dig_Me=neutral||friendly||neutral|dig_Sa|dig_Mo=neutral||neutral|dig_Sa=neutral
2027-03-05,PRIME_TRADE_BEAR,-1.053,0.0,1.053,0,3,KRISHNA,28,Jaya,Shravana,Parigha,inauspicious,Garija,Ve,exalted,neutral,neutral,0,0,1,1,Su,,dig_Mo|dig_Ma|dig_Me=neutral||friendly||neutral|dig_Sa|dig_Mo=neutral||neutral|dig_Sa=neutral
2027-03-08,PRIME_TRADE_BEAR,-1.053,0.0,1.053,0,3,SHUKLA,1,Nanda,PurvaBhadrapada,Sadhya,auspicious,Kimstughna,Mo,exalted,neutral,neutral,0,1,0,1,Su,,dig_Mo|dig_Ma|dig_Me=neutral||friendly||neutral|dig_Sa|dig_Mo=neutral||neutral|dig_Sa=neutral
2027-03-09,PRIME_TRADE_BEAR,-1.053,0.0,1.053,0,3,SHUKLA,2,Bhadra,UttaraBhadrapada,Shubha,auspicious,Balava,Ma,exalted,neutral,neutral,0,0,0,1,Su,,dig_Mo|dig_Ma|dig_Me=neutral||friendly||neutral|dig_Sa|dig_Mo=neutral||neutral|dig_Sa=neutral
2027-03-10,WATCH_BEAR,-0.7415,0.0,0.7415,0,2,SHUKLA,3,Jaya,Revati,Shukla,auspicious,Taitila,Me,exalted,neutral,neutral,0,0,0,1,Su,,dig_Sa|dig_Mo=neutral||neutral|dig_Sa=neutral
2027-03-11,WATCH_BEAR,-0.7415,0.0,0.7415,0,2,SHUKLA,4,Rikta,Ashwini,Brahma,auspicious,Vanija,Ju,exalted,neutral,neutral,0,0,1,1,Su,,dig_Sa|dig_Mo=neutral||neutral|dig_Sa=neutral
2027-03-12,WATCH_BEAR,-0.7415,0.0,0.7415,0,2,SHUKLA,5,Purna,Bharani,Indra,auspicious,Bava,Ve,exalted,neutral,neutral,0,0,1,1,Su,,dig_Sa|dig_Mo=neutral||neutral|dig_Sa=neutral
2027-03-15,WATCH_BEAR,-0.3786,0.0,0.3786,0,1,SHUKLA,8,Jaya,Mrigashira,Ayushman,auspicious,Vishti,Mo,exalted,neutral,exalted,0,0,0,1,Su,,dig_Sa=neutral
2027-03-16,WATCH_BEAR,-0.3786,0.0,0.3786,0,1,SHUKLA,9,Rikta,Ardra,Saubhagya,auspicious,Balava,Ma,exalted,neutral,friendly,0,0,0,1,Su,,dig_Sa=neutral
2027-03-17,WATCH_BEAR,-0.3786,0.0,0.3786,0,1,SHUKLA,10,Purna,Punarvasu,Shobhana,auspicious,Taitila,Me,exalted,neutral,friendly,0,0,0,1,Su,,dig_Sa=neutral
2027-03-18,WATCH_BEAR,-0.3786,0.0,0.3786,0,1,SHUKLA,11,Nanda,Pushya,Atiganda,inauspicious,Vishti,Ju,exalted,neutral,own,0,0,1,1,Su,,dig_Sa=neutral
2027-03-19,WATCH_BEAR,-0.3786,0.0,0.3786,0,1,SHUKLA,12,Bhadra,Ashlesha,Sukarma,auspicious,Balava,Ve,exalted,neutral,own,0,0,1,1,Su,,dig_Sa=neutral
2027-03-22,WATCH_BEAR,-0.3786,0.0,0.3786,0,1,KRISHNA,16,Nanda,UttaraPhalguni,Vriddhi,auspicious,Balava,Mo,exalted,neutral,friendly,0,0,0,1,Su,,dig_Sa=neutral
2027-03-23,WATCH_BEAR,-0.3786,0.0,0.3786,0,1,KRISHNA,17,Bhadra,Hasta,Dhruva,auspicious,Taitila,Ma,exalted,neutral,friendly,0,0,0,1,Su,,dig_Sa=neutral
2027-03-24,WATCH_BEAR,-0.7415,0.0,0.7415,0,2,KRISHNA,18,Jaya,Chitra,Vyaghata,inauspicious,Vanija,Me,exalted,neutral,neutral,0,0,1,1,Su,,dig_Sa|dig_Mo=neutral||neutral|dig_Sa=neutral
2027-03-25,WATCH_BEAR,-0.7415,0.0,0.7415,0,2,KRISHNA,19,Rikta,Swati,Harshana,auspicious,Bava,Ju,exalted,neutral,neutral,0,0,1,1,Su,,dig_Sa|dig_Mo=neutral||neutral|dig_Sa=neutral
2027-03-26,WATCH_BEAR,-0.3786,0.0,0.3786,0,1,KRISHNA,20,Purna,Vishakha,Vajra,inauspicious,Kaulava,Ve,exalted,neutral,debilitated,0,0,0,1,Su,,dig_Sa=neutral
2027-03-29,WATCH_BEAR,-0.7415,0.0,0.7415,0,2,KRISHNA,23,Jaya,Mula,Variyan,auspicious,Balava,Mo,exalted,neutral,neutral,0,0,0,1,Su,,dig_Sa|dig_Mo=neutral||neutral|dig_Sa=neutral
2027-03-30,WATCH_BEAR,-0.7415,0.0,0.7415,0,2,KRISHNA,23,Jaya,PurvaAshadha,Parigha,inauspicious,Kaulava,Ma,exalted,neutral,neutral,0,0,0,1,Su,,dig_Sa|dig_Mo=neutral||neutral|dig_Sa=neutral
2027-03-31,WATCH_BEAR,-0.7415,0.0,0.7415,0,2,KRISHNA,24,Rikta,UttaraAshadha,Shiva,auspicious,Garija,Me,exalted,neutral,neutral,0,0,1,1,Su,,dig_Sa|dig_Mo=neutral||neutral|dig_Sa=neutral
2027-04-01,WATCH_BEAR,-0.7415,0.0,0.7415,0,2,KRISHNA,25,Purna,Shravana,Siddha,auspicious,Vishti,Ju,exalted,neutral,neutral,0,0,1,1,Su,,dig_Sa|dig_Mo=neutral||neutral|dig_Sa=neutral
2027-04-02,WATCH_BEAR,-0.7415,0.0,0.7415,0,2,KRISHNA,26,Nanda,Dhanishtha,Sadhya,auspicious,Balava,Ve,exalted,neutral,neutral,0,0,1,1,Su,,dig_Sa|dig_Mo=neutral||neutral|dig_Sa=neutral
2027-04-05,WATCH_BEAR,-0.7415,0.0,0.7415,0,2,KRISHNA,29,Rikta,PurvaBhadrapada,Brahma,auspicious,Vishti,Mo,exalted,neutral,neutral,0,0,0,1,Su,,dig_Sa|dig_Mo=neutral||neutral|dig_Sa=neutral
2027-04-06,WATCH_BEAR,-0.7415,0.0,0.7415,0,2,KRISHNA,30,Purna,UttaraBhadrapada,Indra,auspicious,Chatushpada,Ma,exalted,neutral,neutral,0,1,0,1,Su,,dig_Sa|dig_Mo=neutral||neutral|dig_Sa=neutral
2027-04-07,WATCH_BEAR,-0.7415,0.0,0.7415,0,2,SHUKLA,1,Nanda,Revati,Vaidhriti,inauspicious,Bava,Me,exalted,neutral,neutral,0,1,0,1,Su,,dig_Sa|dig_Mo=neutral||neutral|dig_Sa=neutral
2027-04-08,WATCH_BEAR,-0.7415,0.0,0.7415,0,2,SHUKLA,2,Bhadra,Ashwini,Vishkambha,inauspicious,Kaulava,Ju,exalted,neutral,neutral,0,0,1,1,Su,,dig_Sa|dig_Mo=neutral||neutral|dig_Sa=neutral
2027-04-09,WATCH_BEAR,-0.7415,0.0,0.7415,0,2,SHUKLA,3,Jaya,Krittika,Priti,auspicious,Garija,Ve,exalted,neutral,neutral,0,0,1,1,Su,,dig_Sa|dig_Mo=neutral||neutral|dig_Sa=neutral
2027-04-12,WATCH_BEAR,-0.3786,0.0,0.3786,0,1,SHUKLA,6,Nanda,Ardra,Atiganda,inauspicious,Taitila,Mo,exalted,neutral,friendly,0,0,0,1,Su,,dig_Sa=neutral
2027-04-13,WATCH_BEAR,-0.3786,0.0,0.3786,0,1,SHUKLA,8,Jaya,Punarvasu,Sukarma,auspicious,Vishti,Ma,exalted,neutral,friendly,0,0,0,1,Su,,dig_Sa=neutral
2027-04-14,WATCH_BEAR,-0.3786,0.0,0.3786,0,1,SHUKLA,9,Rikta,Pushya,Dhriti,auspicious,Balava,Me,exalted,neutral,own,0,0,1,1,Su,,dig_Sa=neutral
2027-04-15,WATCH_BEAR,-0.3786,0.0,0.3786,0,1,SHUKLA,10,Purna,Ashlesha,Shoola,inauspicious,Taitila,Ju,exalted,neutral,own,0,0,1,1,Su,,dig_Sa=neutral
2027-04-16,WATCH_BEAR,-0.3786,0.0,0.3786,0,1,SHUKLA,11,Nanda,Magha,Ganda,inauspicious,Vanija,Ve,exalted,neutral,friendly,0,0,0,1,Su,,dig_Sa=neutral
2027-04-19,WATCH_BEAR,-0.3786,0.0,0.3786,0,1,SHUKLA,14,Rikta,Hasta,Vyaghata,inauspicious,Vanija,Mo,exalted,neutral,friendly,0,0,0,1,Su,,dig_Sa=neutral
2027-04-20,WATCH_BEAR,-0.7415,0.0,0.7415,0,2,SHUKLA,15,Purna,Chitra,Harshana,auspicious,Bava,Ma,exalted,neutral,neutral,0,0,1,1,Su,,dig_Sa|dig_Mo=neutral||neutral|dig_Sa=neutral
2027-04-21,WATCH_BEAR,-0.7415,0.0,0.7415,0,2,KRISHNA,16,Nanda,Swati,Siddhi,auspicious,Kaulava,Me,exalted,neutral,neutral,0,0,1,1,Su,,dig_Sa|dig_Mo=neutral||neutral|dig_Sa=neutral
2027-04-22,WATCH_BEAR,-0.7415,0.0,0.7415,0,2,KRISHNA,17,Bhadra,Vishakha,Vyatipata,inauspicious,Garija,Ju,exalted,neutral,neutral,0,0,1,1,Su,,dig_Sa|dig_Mo=neutral||neutral|dig_Sa=neutral
2027-04-23,WATCH_BEAR,-0.3786,0.0,0.3786,0,1,KRISHNA,18,Jaya,Anuradha,Variyan,auspicious,Vishti,Ve,exalted,neutral,debilitated,0,0,0,1,Su,,dig_Sa=neutral
2027-04-26,PRIME_TRADE_BEAR,-1.053,0.0,1.053,0,3,KRISHNA,21,Nanda,PurvaAshadha,Siddha,auspicious,Garija,Mo,exalted,neutral,neutral,0,0,0,1,Su,,dig_Mo|dig_Ma|dig_Me=neutral||friendly||neutral|dig_Sa|dig_Mo=neutral||neutral|dig_Sa=neutral
2027-04-27,PRIME_TRADE_BEAR,-1.053,0.0,1.053,0,3,KRISHNA,22,Bhadra,UttaraAshadha,Sadhya,auspicious,Vishti,Ma,exalted,neutral,neutral,0,0,0,1,Su,,dig_Mo|dig_Ma|dig_Me=neutral||friendly||neutral|dig_Sa|dig_Mo=neutral||neutral|dig_Sa=neutral
2027-04-28,PRIME_TRADE_BEAR,-1.053,0.0,1.053,0,3,KRISHNA,23,Jaya,UttaraAshadha,Shubha,auspicious,Balava,Me,exalted,neutral,neutral,0,0,1,1,Su,,dig_Mo|dig_Ma|dig_Me=neutral||friendly||neutral|dig_Sa|dig_Mo=neutral||neutral|dig_Sa=neutral
2027-04-29,PRIME_TRADE_BEAR,-1.053,0.0,1.053,0,3,KRISHNA,24,Rikta,Shravana,Shubha,auspicious,Taitila,Ju,exalted,neutral,neutral,0,0,1,1,Su,,dig_Mo|dig_Ma|dig_Me=neutral||friendly||neutral|dig_Sa|dig_Mo=neutral||neutral|dig_Sa=neutral
2027-04-30,PRIME_TRADE_BEAR,-1.053,0.0,1.053,0,3,KRISHNA,25,Purna,Dhanishtha,Shukla,auspicious,Vanija,Ve,exalted,neutral,neutral,0,0,0,1,Su,,dig_Mo|dig_Ma|dig_Me=neutral||friendly||neutral|dig_Sa|dig_Mo=neutral||neutral|dig_Sa=neutral
2027-05-03,PRIME_TRADE_BEAR,-1.053,0.0,1.053,0,3,KRISHNA,27,Bhadra,UttaraBhadrapada,Vaidhriti,inauspicious,Taitila,Mo,exalted,neutral,neutral,0,0,0,1,Su,,dig_Mo|dig_Ma|dig_Me=neutral||friendly||neutral|dig_Sa|dig_Mo=neutral||neutral|dig_Sa=neutral
2027-05-04,PRIME_TRADE_BEAR,-1.053,0.0,1.053,0,3,KRISHNA,28,Jaya,Revati,Priti,auspicious,Vanija,Ma,exalted,neutral,neutral,0,0,0,1,Su,,dig_Mo|dig_Ma|dig_Me=neutral||friendly||neutral|dig_Sa|dig_Mo=neutral||neutral|dig_Sa=neutral
2027-05-05,PRIME_TRADE_BEAR,-1.053,0.0,1.053,0,3,KRISHNA,29,Rikta,Ashwini,Ayushman,auspicious,Shakuni,Me,exalted,neutral,neutral,0,0,1,1,Su,,dig_Mo|dig_Ma|dig_Me=neutral||friendly||neutral|dig_Sa|dig_Mo=neutral||neutral|dig_Sa=neutral
2027-05-06,WATCH_BEAR,-0.7415,0.0,0.7415,0,2,SHUKLA,1,Nanda,Bharani,Saubhagya,auspicious,Kimstughna,Ju,exalted,neutral,neutral,0,1,1,1,Su,,dig_Sa|dig_Mo=neutral||neutral|dig_Sa=neutral
2027-05-07,WATCH_BEAR,-0.3786,0.0,0.3786,0,1,SHUKLA,2,Bhadra,Krittika,Shobhana,auspicious,Balava,Ve,exalted,neutral,exalted,0,0,0,1,Su,,dig_Sa=neutral
2027-05-10,WATCH_BEAR,-0.3786,0.0,0.3786,0,1,SHUKLA,5,Purna,Ardra,Dhriti,auspicious,Balava,Mo,exalted,neutral,friendly,0,0,0,1,Su,,dig_Sa=neutral
2027-05-11,WATCH_BEAR,-0.3786,0.0,0.3786,0,1,SHUKLA,6,Nanda,Pushya,Ganda,inauspicious,Taitila,Ma,exalted,neutral,own,0,0,1,1,Su,,dig_Sa=neutral
2027-05-12,WATCH_BEAR,-0.3786,0.0,0.3786,0,1,SHUKLA,7,Bhadra,Ashlesha,Vriddhi,auspicious,Vanija,Me,exalted,neutral,own,0,0,1,1,Su,,dig_Sa=neutral
2027-05-13,WATCH_BEAR,-0.3786,0.0,0.3786,0,1,SHUKLA,8,Jaya,Magha,Dhruva,auspicious,Bava,Ju,exalted,neutral,friendly,0,0,0,1,Su,,dig_Sa=neutral
2027-05-14,WATCH_BEAR,-0.3786,0.0,0.3786,0,1,SHUKLA,9,Rikta,PurvaPhalguni,Vyaghata,inauspicious,Kaulava,Ve,exalted,neutral,friendly,0,0,0,1,Su,,dig_Sa=neutral
2027-05-17,WATCH_BEAR,-0.3786,0.0,0.3786,0,1,SHUKLA,13,Jaya,Chitra,Siddhi,auspicious,Kaulava,Mo,exalted,neutral,friendly,0,0,0,1,Su,,dig_Sa=neutral
2027-05-18,WATCH_BEAR,-0.7415,0.0,0.7415,0,2,SHUKLA,14,Rikta,Swati,Vyatipata,inauspicious,Garija,Ma,exalted,neutral,neutral,0,0,1,1,Su,,dig_Sa|dig_Mo=neutral||neutral|dig_Sa=neutral
2027-05-19,WATCH_BEAR,-0.7415,0.0,0.7415,0,2,SHUKLA,15,Purna,Vishakha,Variyan,auspicious,Vishti,Me,exalted,neutral,neutral,0,0,1,1,Su,,dig_Sa|dig_Mo=neutral||neutral|dig_Sa=neutral
2027-05-20,WATCH_BEAR,-0.5745,0.0,0.5745,0,2,KRISHNA,16,Nanda,Anuradha,Parigha,inauspicious,Balava,Ju,exalted,neutral,debilitated,0,0,0,1,Su,,paksha|dig_Me|sade_sati_phase=KRISHNA||friendly||rising|dig_Sa=neutral
2027-05-21,WATCH_BEAR,-0.5745,0.0,0.5745,0,2,KRISHNA,17,Bhadra,Jyeshtha,Shiva,auspicious,Taitila,Ve,exalted,neutral,debilitated,0,0,0,1,Su,,paksha|dig_Me|sade_sati_phase=KRISHNA||friendly||rising|dig_Sa=neutral
2027-05-24,WATCH_BEAR,-0.7415,0.0,0.7415,0,2,KRISHNA,19,Rikta,PurvaAshadha,Shubha,auspicious,Balava,Mo,exalted,neutral,neutral,0,0,0,1,Su,,dig_Sa|dig_Mo=neutral||neutral|dig_Sa=neutral
2027-05-25,WATCH_BEAR,-0.7415,0.0,0.7415,0,2,KRISHNA,20,Purna,UttaraAshadha,Shukla,auspicious,Taitila,Ma,exalted,neutral,neutral,0,0,1,1,Su,,dig_Sa|dig_Mo=neutral||neutral|dig_Sa=neutral
2027-05-26,WATCH_BEAR,-0.7415,0.0,0.7415,0,2,KRISHNA,21,Nanda,Shravana,Brahma,auspicious,Vanija,Me,exalted,neutral,neutral,0,0,1,1,Su,,dig_Sa|dig_Mo=neutral||neutral|dig_Sa=neutral
2027-05-27,WATCH_BEAR,-0.7415,0.0,0.7415,0,2,KRISHNA,22,Bhadra,Dhanishtha,Indra,auspicious,Bava,Ju,exalted,neutral,neutral,0,0,1,1,Su,,dig_Sa|dig_Mo=neutral||neutral|dig_Sa=neutral
2027-05-28,WATCH_BEAR,-0.7415,0.0,0.7415,0,2,KRISHNA,23,Jaya,Shatabhisha,Vaidhriti,inauspicious,Balava,Ve,exalted,neutral,neutral,0,0,0,1,Su,,dig_Sa|dig_Mo=neutral||neutral|dig_Sa=neutral
2027-05-31,WATCH_BEAR,-0.7415,0.0,0.7415,0,2,KRISHNA,26,Nanda,Revati,Ayushman,auspicious,Bava,Mo,exalted,neutral,neutral,0,0,0,1,Su,,dig_Sa|dig_Mo=neutral||neutral|dig_Sa=neutral
2027-06-01,WATCH_BEAR,-0.7415,0.0,0.7415,0,2,KRISHNA,27,Bhadra,Ashwini,Saubhagya,auspicious,Kaulava,Ma,exalted,neutral,neutral,0,0,1,1,Su,,dig_Sa|dig_Mo=neutral||neutral|dig_Sa=neutral
2027-06-02,WATCH_BEAR,-0.7415,0.0,0.7415,0,2,KRISHNA,28,Jaya,Bharani,Shobhana,auspicious,Garija,Me,exalted,neutral,neutral,0,0,1,1,Su,,dig_Sa|dig_Mo=neutral||neutral|dig_Sa=neutral
2027-06-03,WATCH_BEAR,-0.3753,0.0,0.3753,0,1,KRISHNA,29,Rikta,Krittika,Atiganda,inauspicious,Shakuni,Ju,exalted,debilitated,exalted,0,0,0,0,Su,,sade_sati_phase=none
2027-06-04,WATCH_BEAR,-0.3753,0.0,0.3753,0,1,KRISHNA,30,Purna,Rohini,Dhriti,auspicious,Naga,Ve,exalted,debilitated,exalted,0,1,0,0,Su,,sade_sati_phase=none
2027-06-07,WATCH_BEAR,-0.7423,0.0,0.7423,0,2,SHUKLA,4,Rikta,Punarvasu,Vriddhi,auspicious,Vanija,Mo,exalted,debilitated,friendly,0,0,0,0,Su,,paksha|sade_sati_phase=SHUKLA||none|sade_sati_phase=none
2027-06-08,WATCH_BEAR,-0.7423,0.0,0.7423,0,2,SHUKLA,5,Purna,Pushya,Dhruva,auspicious,Bava,Ma,exalted,debilitated,own,0,0,1,0,Su,,paksha|sade_sati_phase=SHUKLA||none|sade_sati_phase=none
2027-06-09,WATCH_BEAR,-0.7423,0.0,0.7423,0,2,SHUKLA,6,Nanda,Ashlesha,Vyaghata,inauspicious,Kaulava,Me,exalted,debilitated,own,0,0,1,0,Su,,paksha|sade_sati_phase=SHUKLA||none|sade_sati_phase=none
2027-06-10,WATCH_BEAR,-0.7423,0.0,0.7423,0,2,SHUKLA,7,Bhadra,Magha,Vajra,inauspicious,Garija,Ju,exalted,debilitated,friendly,0,0,0,0,Su,,paksha|sade_sati_phase=SHUKLA||none|sade_sati_phase=none
